URL,Title,Address
https://miami.craigslist.org/mdc/apa/d/miami-beach-unique-and-rare-to-offer-2/7532189781.html,UNIQUE AND RARE TO OFFER! 2/2 FURNISHED ! SOUTH BEACH! BAY ! POOL!GYM!,
https://miami.craigslist.org/mdc/apa/d/miami-beach-terrific-ocean-front-1/7532174314.html,TERRIFIC OCEAN FRONT 1/1 FURNISHED CONDO! SOUTH BEACH! POOL!GYM!!,
https://miami.craigslist.org/mdc/apa/d/miami-beach-wow-furnished-1-high-floor/7531791528.html,WOW FURNISHED 1/1 HIGH FLOOR CONDO! SOUTH BEACH !OCEAN VIEWS !!,
https://miami.craigslist.org/mdc/apa/d/miami-beach-marvelous-furnished-south/7531765796.html,MARVELOUS FURNISHED SOUTH BEACH STUDIO FOR RENT! POOL! GYM!,
https://miami.craigslist.org/mdc/apa/d/miami-beach-wow-bay-front-2-furnished/7531909786.html,"WOW..!! BAY FRONT 2/2  FURNISHED CONDO , POOL , BALCONY, AMENITIES!",
https://miami.craigslist.org/mdc/apa/d/fort-lauderdale-se-renta-eficiancy/7543537572.html,se renta eficiancy servicio incluido,
https://miami.craigslist.org/mdc/apa/d/hialeah-anexo-independiente-equipado/7543561219.html,Anexo Independiente Equipado c/bano,
https://miami.craigslist.org/pbc/apa/d/deerfield-beach-east-boca-raton-water/7543596659.html,EAST BOCA RATON WATER FRONT GEM  1/1,
https://miami.craigslist.org/mdc/apa/d/north-miami-beach-spectacular-three/7532267263.html,Spectacular three bedrooms residence,
https://miami.craigslist.org/brw/apa/d/hollywood-spacious-bed-condo-in/7532993247.html,Spacious 2 bed condo in downtown Hollywood.,
https://miami.craigslist.org/pbc/apa/d/west-palm-beach-apartment-in-exchange/7543670269.html,Apartment in exchange for cleaning +\~ 10 stalls,
https://miami.craigslist.org/brw/apa/d/fort-lauderdale-harbor-haven-condo-unit/7543675353.html,Harbor Haven condo unit for rent,
https://miami.craigslist.org/mdc/apa/d/fort-lauderdale-furnished-studio-only/7543830610.html,Furnished studio- Only 2 month minimum,
https://miami.craigslist.org/mdc/apa/d/miami-beach-lovely-furnished-2-condo/7532181431.html,LOVELY FURNISHED 2/2 CONDO! SOUTH BEACH ! BAY FRONT POOL! GYM!SOBE!,
https://miami.craigslist.org/mdc/apa/d/miami-beach-remarkable-2-furnished/7532186978.html,REMARKABLE 2/2 FURNISHED CONDO FOR RENT! SOUTH BEACH!WASHER/DRYER!!,
https://miami.craigslist.org/mdc/apa/d/miami-turn-key-unit-features-2br-2ba/7543885762.html,Turn Key unit features 2BR/2BA,
https://miami.craigslist.org/mdc/apa/d/hollywood-no-association-approval/7533519699.html,NO association Approval required+ Great Location + Pool,
https://miami.craigslist.org/mdc/apa/d/miami-beach-month-to-month-1bed/7543949911.html,Month to month 1bed,
https://miami.craigslist.org/mdc/apa/d/miami-centrally-located-cottage-fully/7544004970.html,Centrally Located Cottage Fully Furnished w/ All Utilities Included,
https://miami.craigslist.org/brw/apa/d/fort-lauderdale-weekly-rental-at/7544013573.html,Weekly Rental at $650 - 1 bedroom 100 yards from the beach!,
https://miami.craigslist.org/mdc/apa/d/miami-awesome-3b-1b-house-fully/7544013763.html,Awesome 3B/1B House Fully Furnished w/ All Utilities Included,
https://miami.craigslist.org/mdc/apa/d/north-miami-beach-beautiful-water-front/7544016471.html,BEAUTIFUL WATER FRONT APARTMENT WALKING DISTANCE FROM BEACH,
https://miami.craigslist.org/mdc/apa/d/north-miami-beach-luxurious-lifestyle/7544026868.html,LUXURIOUS LIFESTYLE OCEAN FRONT APARTMENT IN SUNNY ISLES,
https://miami.craigslist.org/pbc/apa/d/lake-worth-furnished-studio-apt/7544039152.html,Furnished Studio Apt Utilities Included,
https://miami.craigslist.org/mdc/apa/d/miami-beach-beach-life-fully-furnished/7533012053.html,beach life  fully furnished with everything you need,
https://miami.craigslist.org/brw/apa/d/hallandale-remodeled-15-unit-on-south/7532989665.html,"remodeled 1/1.5 unit on South Ocean Dr, steps from Hallandale Beach",
https://miami.craigslist.org/mdc/apa/d/miami-cozy-bedroom-apt/7536147276.html,Cozy 2 bedroom apt.,
https://miami.craigslist.org/pbc/apa/d/boca-raton-great-single-family-home/7533062695.html,Great Single Family Home!!! Call today!!! Wont Last!!!!,
https://miami.craigslist.org/pbc/apa/d/west-palm-beach-fully-furnished-yearly/7533065642.html,Fully Furnished Yearly Rental!!!! GREAT LOCATION!!! CALL NOW!!!!,
https://miami.craigslist.org/pbc/apa/d/west-palm-beach-amazing-condo-great/7533321156.html,Amazing Condo! Great Location! CALL NOW! MUST SEE!!!!,
https://miami.craigslist.org/pbc/apa/d/west-palm-beach-nice-townhome-great/7533316437.html,Nice TowNHOME! GREAT LOCATION! CALL TODAY!,
https://miami.craigslist.org/pbc/apa/d/west-palm-beach-stunning-luxury-home/7533325202.html,STUNNing Luxury home!!! WOW!!! WONT LAST!!! CALL TODAY!!!!,
https://miami.craigslist.org/mdc/apa/d/miami-spectacular-view-of-biscayne-bay/7537271759.html,"Spectacular view of Biscayne Bay, port of Miami. 1ba/1b available",
https://miami.craigslist.org/mdc/apa/d/miami-beach-home-away-from-home-is/7537681669.html,Home away from home is a perfect definition of this sweet apartment,
https://miami.craigslist.org/mdc/apa/d/miami-beach-spacious-bedroom-45-bath/7538093318.html,"Spacious 4 Bedroom, 4.5 Bath, 3,523 sq. ft. High Ceilings",
https://miami.craigslist.org/mdc/apa/d/key-west-oct-fantasy-fest-studio-hyatt/7544209173.html,Oct 21-23 - Fantasy Fest - Studio @ Hyatt Residence Club Sunset Harbor,
https://miami.craigslist.org/mdc/apa/d/hialeah-finished-studio-with-small/7544246985.html,Finished Studio with a small patio. Instant move in,
https://miami.craigslist.org/mdc/apa/d/miami-beach-cottage-1/7544253517.html,Cottage 1/1,
https://miami.craigslist.org/brw/apa/d/hallandale-ocean-beach-front-2-apartment/7544368979.html,"OCEAN, BEACH FRONT 2/2 APARTMENT",
https://miami.craigslist.org/mdc/apa/d/miami-beach-great-furnished-one-bedroom/7533047060.html,GREAT FURNISHED ONE BEDROOM + DEN RENTAL,
https://miami.craigslist.org/mdc/apa/d/miami-1325-sq-ft-bed-bath-and-car/7533058079.html,"1,325 SQ FT//3 BED, 1 BATH AND 1 CAR GARAGE ,HOUSE FOR RENT",
https://miami.craigslist.org/brw/apa/d/fort-lauderdale-br-ft-lauderdale/7544440704.html,"$2,500 / 3 BR - Ft Lauderdale - Central Location!",
https://miami.craigslist.org/mdc/apa/d/miami-bedroom-furnished-apartment/7533176222.html,1 bedroom furnished apartment available for 1 Month,
https://miami.craigslist.org/mdc/apa/d/miami-beach-cozy-remodeled-home-in/7544512488.html,COZY REMODELED HOME IN BEAUTIFUL TREASURE ISLAND,
https://miami.craigslist.org/brw/apa/d/hollywood-bedroom15-bath-condo-for-rent/7544538427.html,"2 bedroom,1,5 bath condo for rent",
https://miami.craigslist.org/pbc/apa/d/lake-worth-995-studio-apt-short-term/7544560226.html,$995 Studio Apt  Short Term Available ALL UTILITIES Included,
https://miami.craigslist.org/pbc/apa/d/lake-worth-995-mo-efficiency-studio-apt/7544558826.html,"$995 mo Efficiency, Studio Apt All Utilities",
https://miami.craigslist.org/pbc/apa/d/lake-worth-995-mo-efficiency-studio-apt/7544559591.html,"$995 mo Efficiency, Studio Apt All Utilities",
https://miami.craigslist.org/mdc/apa/d/homestead-rv-for-rent/7533180626.html,RV for rent,
https://miami.craigslist.org/pbc/apa/d/boca-raton-bed-bath-furnish-total/7544594309.html,2 bed 2 bath furnish total renovated walking to the beach,
https://miami.craigslist.org/mdc/apa/d/miami-beach-spectacular-waterfront-unit/7544682888.html,Spectacular waterfront unit for rent,
https://miami.craigslist.org/mdc/apa/d/miami-beach-ocean-front-unit-totally/7544676003.html,Ocean front Unit totally renovated,
https://miami.craigslist.org/mdc/apa/d/miami-beach-monthly-rentals-close-to/7535098532.html,MONTHLY RENTALS CLOSE TO BEACH & TOURIST SIGHTINGS!!,
https://miami.craigslist.org/mdc/apa/d/miami-beach-great-location-for-your/7535350370.html,GREAT LOCATION FOR YOUR MIAMI BEACH STAY!,
https://miami.craigslist.org/mdc/apa/d/miami-beach-weekly-rentals-close-to/7544715536.html,WEEKLY RENTALS CLOSE TO BEACH! FREE WIFI!,
https://miami.craigslist.org/mdc/apa/d/miami-modern-bedroom-home-for-rent-and/7544732848.html,*Modern 5 Bedroom Home For Rent and Sale*,
https://miami.craigslist.org/brw/apa/d/fort-lauderdale-weekly-rental-at/7544771395.html,WEEKLY Rental at $550 - Efficiency 100 yards from the beach!,
https://miami.craigslist.org/brw/apa/d/fort-lauderdale-weekly-rental-at/7544774685.html,Weekly Rental at $650 - 1 bedroom 100 yards from the beach!,
https://miami.craigslist.org/pbc/apa/d/boynton-beach-1-in-intracoastal/7544778187.html,1/1 in Intracoastal building. 1st FLOOR.,
https://miami.craigslist.org/mdc/apa/d/miami-beach-spectacular-furnished-bed/7535719237.html,SPECTACULAR FURNISHED 1 BED 1 BATH CONDO !SS APPS ! SOUTH BEACH RENTAL,
https://miami.craigslist.org/mdc/apa/d/miami-beach-south-beach-furnished/7535727058.html,SOUTH BEACH - FURNISHED STUDIO FOR RENT! WOOD FLOOR ! GREAT KITCHEN!,
https://miami.craigslist.org/brw/apa/d/deerfield-beach-2-adorable-cottage/7534153763.html,2/2 ADORABLE COTTAGE STEPS TO BEACH PRIME LOCATION SPECIAL DISCOUNTED WEEKLY!!!,
https://miami.craigslist.org/mdc/apa/d/miami-beach-superb-deal-south-beach/7535751424.html,SUPERB DEAL.. ! * SOUTH BEACH FURNISHED BRIGHT STUDIO FOR RENT*,
https://miami.craigslist.org/mdc/apa/d/miami-beautifully-appointed-2-home-for/7533057897.html,"^*^^BEAUTIFULLY APPOINTED 3/2 HOME FOR RENT1,408 SQ FT@@@@",
https://miami.craigslist.org/brw/apa/d/fort-lauderdale-large-furnished/7544824032.html,Large Furnished Efficiency - Victoria Park,
https://miami.craigslist.org/mdc/apa/d/north-miami-beach-stunning-bed-bath/7544830069.html,"STUNNING 2 BED, 2 BATH OCEAN VIEW",
https://miami.craigslist.org/brw/apa/d/hallandale-bed-bath-corner-walking/7533061588.html,2 bed & 2 bath corner walking distance from the beach,
https://miami.craigslist.org/mdc/apa/d/north-miami-beach-direct-ocean-and/7533912770.html,DIRECT OCEAN AND INTRACOASTAL VIEWS!!,
https://miami.craigslist.org/mdc/apa/d/north-miami-beach-beautiful-furnished/7533849683.html,Beautiful furnished & renovated 2/2 +Den For Rent* walk to the beach,
https://miami.craigslist.org/brw/apa/d/fort-lauderdale-bedroom-bathroom-short/7544887477.html,3 bedroom 3 bathroom Short or long term rental,
https://miami.craigslist.org/mdc/apa/d/homestead-room-for-rent/7544897929.html,Room for rent,
https://miami.craigslist.org/mdc/apa/d/hialeah-rarely-available-celebration/7544905164.html,Rarely available Celebration Point.,
https://miami.craigslist.org/brw/apa/d/hollywood-well-updated-bed-and-1bath/7544909630.html,Well updated 1 Bed and 1Bath condo in the heart of Miramar area.,
https://miami.craigslist.org/pbc/apa/d/palm-beach-rv-rental/7544933591.html,Rv Rental,
https://miami.craigslist.org/mdc/apa/d/miami-beach-beautiful-furnished-and/7544938817.html,Beautiful furnished and remodeled apt 1/1,
https://miami.craigslist.org/mdc/apa/d/miami-march-2023-furnished-waterview/7544938593.html,"March 2023: Furnished, waterview studio for rent in CANVAS luxury building",
https://miami.craigslist.org/brw/apa/d/pompano-beach-pompano-beach-family/7544970620.html,"Pompano Beach Family Oasis Pet Friendly, AC, BBQ",
https://miami.craigslist.org/pbc/apa/d/lake-worth-short-term-studio-apartment/7544056964.html,Short Term Studio Apartment No Lease (4-6 Mo)Utilities Included Furnis,
https://miami.craigslist.org/mdc/apa/d/miami-beach-miami-beach-luxury/7534733491.html,"MIAMI BEACH, Luxury furnished Apt 1/1.5, Private access to the beach",
https://miami.craigslist.org/brw/apa/d/coral-springs-hallandale-beach/7544973223.html,"Hallandale Beach HouseìáºKing Beds, BBQ Game RM 65"" & 55"" TV",
https://miami.craigslist.org/pbc/apa/d/lake-worth-995-studio-apt-short-term/7544978928.html,$995 Studio Apt  Short Term Available ALL UTILITIES Included,
https://miami.craigslist.org/mdc/apa/d/miami-furnished-apartment-brickell/7544988329.html,üîÖüîÖFURNISHED APARTMENT BRICKELLüîÖüîÖ,
https://miami.craigslist.org/mdc/apa/d/miami-condo-miami-bedrooms-baths-large/7535208643.html,"Condo Miami 3 bedrooms/2 baths, large, nice area",
https://miami.craigslist.org/brw/apa/d/hollywood-ready-to-enjoy-the-florida/7533921618.html,READY TO ENJOY THE FLORIDA WEATHER? FULLY FURNISHEDüåüNO HOA,
https://miami.craigslist.org/mdc/apa/d/hollywood-looking-for-fast-approval/7534570621.html,Looking for fast approval? This is itüö® NO HOAüö®Furnishedüö®Pool,
https://miami.craigslist.org/mdc/apa/d/north-miami-beach-fully-furnished/7533939072.html,Fully Furnished üçæExcellent locationüçæ Across the Beach,
https://miami.craigslist.org/mdc/apa/d/miami-make-this-spectacular-home-yours/7534596056.html,"Make this spectacular Home Yours , NO Association, room for boat/rv",
https://miami.craigslist.org/mdc/apa/d/miami-looking-for-fast-approval-this-is/7534620003.html,Looking for fast approval? This is itüö® NO HOAüö®fenced patioüö®pets ok,
https://miami.craigslist.org/mdc/apa/d/miami-beach-cozy-bedrooms/7545091930.html,Cozy 2 bedrooms,
https://miami.craigslist.org/mdc/apa/d/miami-beach-cozy-bedrooms/7545092090.html,Cozy 2 bedrooms,
https://miami.craigslist.org/mdc/apa/d/miami-beach-cozy-bedrooms/7545092241.html,Cozy 2 bedrooms,
https://miami.craigslist.org/pbc/apa/d/greenacres-furnished-studio-flamingo/7533350092.html,Furnished Studio Flamingo,
https://miami.craigslist.org/pbc/apa/d/boca-raton-fully-furnished-studio/7533350704.html,Fully furnished studio apartments available - The Palm and Sun,
https://miami.craigslist.org/mdc/apa/d/miami-beach-nice-fully-furnished-unit/7533781719.html,"Nice, fully furnished unit with bay view.",
https://miami.craigslist.org/mdc/apa/d/north-miami-beach-originally-the/7533921369.html,"originally the developer's model residence, absolutely stunning!",
https://miami.craigslist.org/mdc/apa/d/north-miami-beach-unparalleled-ocean/7533899243.html,unparalleled ocean and partial city views!,
https://miami.craigslist.org/brw/apa/d/hollywood-beautiful-bedroom-bathroom/7533893406.html,"beautiful 4 bedroom, 4 bathroom Hollywood home.",
https://miami.craigslist.org/mdc/apa/d/miami-unit-on-the-desired-mystic-pointe/7533850894.html,"unit on the desired Mystic Pointe Community,",
https://miami.craigslist.org/mdc/apa/d/miami-beach-weekly-monthly-rentals/7535351259.html,WEEKLY & MONTHLY RENTALS CLOSE TO BEACH!,
https://miami.craigslist.org/mdc/apa/d/miami-beach-location-is-everything-walk/7545100350.html,LOCATION IS EVERYTHING! WALK TO THE BEACH! FREE WiFi!,
https://miami.craigslist.org/mdc/apa/d/miami-rento-habitacion/7545143973.html,Rento habitacion,
https://miami.craigslist.org/pbc/apa/d/west-palm-beach-fully-furnished-yearly/7533786135.html,Fully Furnished Yearly Rental!!!! GREAT LOCATION!!! CALL NOW!!!!,
https://miami.craigslist.org/pbc/apa/d/west-palm-beach-pool-great-single/7534347745.html,Pool!!!! Great Single Family Home!!! Call today!!! Wont Last!!!!,
https://miami.craigslist.org/pbc/apa/d/west-palm-beach-fully-furnished-yearly/7534346501.html,Fully Furnished Yearly Rental!!!! GREAT LOCATION!!! CALL NOW!!!!,
https://miami.craigslist.org/pbc/apa/d/delray-beach-fully-furnished-yearly/7534342407.html,Fully Furnished Yearly Rental!!!! GREAT LOCATION!!! CALL NOW!!!!,
https://miami.craigslist.org/mdc/apa/d/north-miami-beach-bed-baths-den/7533935798.html,2 bed/2 baths w den converted to 3rd room perfect for guests,
https://miami.craigslist.org/brw/apa/d/hollywood-tastefully-renovated/7533871804.html,Tastefully renovated & Furnished 3/3 For Rent‚úÖ private pool‚úÖNO HOA‚úÖ,
https://miami.craigslist.org/brw/apa/d/dania-dania-beach-one-bedroom/7538966045.html,Dania Beach One Bedroom,
https://miami.craigslist.org/brw/apa/d/dania-dania-beach-one-bedroom/7536253408.html,Dania Beach One Bedroom,
https://miami.craigslist.org/mdc/apa/d/north-miami-beach-beautifully-furnished/7533859126.html,Beautifully Furnished condo w/ great amenitiesüéä walk to the beach,
https://miami.craigslist.org/mdc/apa/d/hollywood-make-this-fully-renovated/7534652818.html,Make this Fully renovated & furnished home w/pool YOURS,
https://miami.craigslist.org/mdc/apa/d/hollywood-renovated-3-fast/7534580204.html,Renovated 3/3üíñ fast approvalüíñprivate poolüíñFurnished,
https://miami.craigslist.org/mdc/apa/d/hollywood-tastefully-furnished/7534605357.html,Tastefully furnished & renovated home w/ private pool+ NO HOA,
https://miami.craigslist.org/mdc/apa/d/north-miami-beach-beautiful-furnished/7533875058.html,Beautiful furnished & renovated 2/2 +Den For Rent* walk to the beach,
https://miami.craigslist.org/mdc/apa/d/miami-beautiful-home-perfect-for-family/7533890865.html,Beautiful Home perfect for a family w/huge yard with pool+ NO HOA,
https://miami.craigslist.org/mdc/apa/d/hialeah-furnished-studio-move-in-ready/7545238034.html,Furnished Studio - Move-In Ready!,
https://miami.craigslist.org/pbc/apa/d/lake-worth-hard-to-find-studio-apt/7545325965.html,Hard to Find -Studio Apt  Short Term Available ALL UTILITIES Included,
https://miami.craigslist.org/mdc/apa/d/miami-beach-cozy-one-bedroom/7545452011.html,Cozy one bedroom,
https://miami.craigslist.org/mdc/apa/d/miami-gardens-bedroom-house-for-rent/7545472320.html,3 bedroom House for rent!,
https://miami.craigslist.org/brw/apa/d/fort-lauderdale-weekly-rental-at/7545497196.html,WEEKLY Rental at $550 - Efficiency 100 yards from the beach!,
